,0,1,2,3,4
0,0.0,500,-47,-45,-53
1,0.0,500,-47,-45,-51
2,0.0,500,-47,-45,-51
3,0.0,500,-47,-45,-51
4,0.0,500,-47,-45,-51
5,0.0,500,-47,-41,-45
6,0.0,500,-43,-41,-45
7,0.0,500,-45,-45,-49
8,0.0,500,-47,-45,-51
9,0.0,500,-45,-45,-49
10,0.0,500,-45,-45,-49
11,0.0,500,-45,-45,-49
12,0.0,500,-45,-43,-49
13,0.0,500,-45,-45,-51
14,0.0,500,-45,-45,-51
15,0.0,500,-45,-45,-51
16,0.0,500,-45,-43,-51
17,0.0,500,-45,-43,-51
18,0.0,500,-45,-43,-51
19,0.0,500,-45,-43,-51
20,0.0,500,-45,-45,-51
21,0.0,500,-43,-43,-51
22,0.0,500,-45,-43,-51
23,0.0,500,-45,-43,-51
24,0.0,500,-45,-43,-51
25,0.0,500,-45,-43,-49
26,0.0,500,-45,-43,-49
27,0.0,500,-45,-43,-49
28,0.0,500,-45,-43,-49
29,0.0,500,-43,-43,-49
30,0.0,500,-45,-45,-51
31,0.0,500,-45,-43,-49
32,0.0,500,-45,-41,-51
33,0.0,500,-43,-39,-45
34,0.0,500,-45,-45,-53
35,0.0,500,-45,-45,-51
36,0.0,500,-45,-43,-49
37,0.0,500,-45,-43,-49
38,0.0,500,-45,-45,-49
39,0.0,500,-47,-45,-51
40,0.0,500,-47,-45,-51
41,0.0,500,-45,-47,-53
42,0.0,500,-47,-47,-53
43,0.0,500,-47,-45,-51
44,0.0,500,-45,-45,-51
45,0.0,500,-47,-43,-51
46,0.0,500,-47,-43,-51
47,0.0,500,-45,-45,-49
48,0.0,500,-47,-47,-51
49,0.0,500,-45,-45,-53
50,0.0,500,-45,-43,-53
51,0.0,500,-47,-45,-51
52,0.0,500,-47,-47,-51
53,0.0,500,-47,-47,-51
54,0.0,500,-47,-45,-51
55,0.0,500,-47,-47,-51
56,0.0,500,-45,-47,-45
57,0.0,500,-45,-47,-45
58,0.0,500,-45,-47,-51
59,0.0,500,-45,-47,-49
60,0.0,500,-47,-45,-47
61,0.0,500,-45,-47,-51
62,0.0,500,-47,-47,-51
63,0.0,500,-45,-49,-53
64,0.0,500,-45,-49,-53
65,0.0,500,-45,-49,-51
66,0.0,500,-45,-49,-51
67,0.0,500,-47,-47,-51
68,0.0,500,-47,-49,-53
69,0.0,500,-45,-49,-51
70,0.0,500,-45,-49,-51
71,0.0,500,-45,-45,-51
72,0.0,500,-45,-37,-53
73,0.0,500,-45,-47,-51
74,0.0,500,-47,-47,-51
75,0.0,500,-45,-45,-53
76,0.0,500,-45,-39,-45
77,0.0,500,-47,-49,-45
78,0.0,500,-43,-47,-51
79,0.0,500,-47,-47,-47
80,0.0,500,-47,-49,-51
81,0.0,500,-47,-49,-53
82,0.0,500,-47,-49,-53
83,0.0,500,-47,-49,-51
84,0.0,500,-47,-47,-51
85,0.0,500,-47,-51,-47
86,0.0,500,-47,-49,-51
87,0.0,500,-47,-49,-51
88,0.0,500,-47,-47,-49
89,0.0,500,-47,-47,-51
90,0.0,500,-47,-49,-49
91,0.0,500,-47,-49,-51
92,0.0,500,-47,-47,-51
93,0.0,500,-47,-43,-51
94,0.0,500,-47,-43,-51
95,0.0,500,-45,-47,-51
96,0.0,500,-45,-47,-51
97,0.0,500,-47,-45,-51
98,0.0,500,-45,-45,-53
99,0.0,500,-45,-43,-51
100,90.0,500,-41,-39,-37
101,90.0,500,-43,-43,-37
102,90.0,500,-41,-41,-39
103,90.0,500,-41,-43,-41
104,90.0,500,-43,-43,-41
105,90.0,500,-41,-41,-39
106,90.0,500,-39,-43,-41
107,90.0,500,-41,-41,-39
108,90.0,500,-41,-41,-41
109,90.0,500,-41,-41,-41
110,90.0,500,-41,-43,-39
111,90.0,500,-41,-43,-39
112,90.0,500,-41,-41,-39
113,90.0,500,-39,-37,-35
114,90.0,500,-39,-37,-41
115,90.0,500,-43,-41,-39
116,90.0,500,-39,-43,-39
117,90.0,500,-41,-43,-41
118,90.0,500,-41,-43,-39
119,90.0,500,-41,-41,-41
120,90.0,500,-41,-43,-39
121,90.0,500,-41,-43,-39
122,90.0,500,-41,-43,-39
123,90.0,500,-39,-43,-41
124,90.0,500,-41,-45,-41
125,90.0,500,-41,-45,-39
126,90.0,500,-41,-43,-41
127,90.0,500,-39,-39,-37
128,90.0,500,-41,-43,-39
129,90.0,500,-41,-43,-39
130,90.0,500,-41,-43,-41
131,90.0,500,-41,-43,-41
132,90.0,500,-45,-41,-41
133,90.0,500,-41,-43,-41
134,90.0,500,-39,-39,-37
135,90.0,500,-41,-41,-41
136,90.0,500,-39,-43,-39
137,90.0,500,-41,-41,-39
138,90.0,500,-39,-43,-39
139,90.0,500,-39,-41,-39
140,90.0,500,-41,-43,-41
141,90.0,500,-39,-43,-39
142,90.0,500,-39,-43,-41
143,90.0,500,-41,-41,-39
144,90.0,500,-39,-41,-39
145,90.0,500,-43,-41,-41
146,90.0,500,-43,-41,-39
147,90.0,500,-41,-43,-39
148,90.0,500,-41,-43,-39
149,90.0,500,-43,-43,-39
150,90.0,500,-43,-41,-39
151,90.0,500,-41,-39,-35
152,90.0,500,-43,-41,-37
153,90.0,500,-43,-41,-41
154,90.0,500,-43,-41,-39
155,90.0,500,-41,-41,-39
156,90.0,500,-41,-41,-37
157,90.0,500,-39,-43,-39
158,90.0,500,-39,-41,-39
159,90.0,500,-43,-43,-37
160,90.0,500,-43,-43,-39
161,90.0,500,-41,-43,-39
162,90.0,500,-41,-43,-41
163,90.0,500,-39,-43,-39
164,90.0,500,-41,-43,-41
165,90.0,500,-43,-43,-41
166,90.0,500,-41,-43,-39
167,90.0,500,-41,-43,-41
168,90.0,500,-41,-43,-41
169,90.0,500,-43,-43,-41
170,90.0,500,-45,-43,-39
171,90.0,500,-39,-37,-37
172,90.0,500,-41,-41,-37
173,90.0,500,-43,-41,-39
174,90.0,500,-41,-41,-39
175,90.0,500,-41,-41,-39
176,90.0,500,-41,-41,-39
177,90.0,500,-41,-41,-39
178,90.0,500,-41,-41,-39
179,90.0,500,-39,-41,-39
180,90.0,500,-41,-41,-41
181,90.0,500,-41,-41,-39
182,90.0,500,-41,-41,-41
183,90.0,500,-41,-41,-39
184,90.0,500,-39,-41,-39
185,90.0,500,-41,-41,-39
186,90.0,500,-41,-41,-41
187,90.0,500,-41,-41,-41
188,90.0,500,-41,-41,-39
189,90.0,500,-41,-41,-39
190,90.0,500,-41,-41,-41
191,90.0,500,-41,-43,-41
192,90.0,500,-43,-43,-39
193,90.0,500,-43,-43,-41
194,90.0,500,-43,-43,-39
195,90.0,500,-45,-41,-39
196,90.0,500,-43,-41,-41
197,90.0,500,-43,-43,-39
198,90.0,500,-43,-43,-39
199,90.0,500,-43,-43,-39
200,0.0,375,-47,-47,-55
201,0.0,375,-47,-49,-53
202,0.0,375,-47,-47,-53
203,0.0,375,-47,-49,-53
204,0.0,375,-47,-47,-55
205,0.0,375,-47,-49,-51
206,0.0,375,-47,-47,-53
207,0.0,375,-47,-49,-53
208,0.0,375,-47,-51,-53
209,0.0,375,-47,-51,-53
210,0.0,375,-47,-49,-53
211,0.0,375,-47,-49,-53
212,0.0,375,-47,-49,-55
213,0.0,375,-45,-49,-53
214,0.0,375,-47,-49,-53
215,0.0,375,-47,-47,-53
216,0.0,375,-47,-49,-53
217,0.0,375,-47,-49,-53
218,0.0,375,-47,-49,-53
219,0.0,375,-47,-49,-53
220,0.0,375,-49,-49,-53
221,0.0,375,-49,-49,-53
222,0.0,375,-49,-49,-55
223,0.0,375,-49,-49,-55
224,0.0,375,-47,-47,-53
225,0.0,375,-47,-47,-53
226,0.0,375,-47,-47,-55
227,0.0,375,-47,-47,-55
228,0.0,375,-47,-47,-55
229,0.0,375,-47,-47,-55
230,0.0,375,-47,-49,-53
231,0.0,375,-47,-45,-55
232,0.0,375,-47,-45,-55
233,0.0,375,-47,-47,-53
234,0.0,375,-47,-47,-53
235,0.0,375,-49,-47,-53
236,0.0,375,-49,-47,-53
237,0.0,375,-49,-47,-53
238,0.0,375,-47,-47,-53
239,0.0,375,-47,-45,-53
240,0.0,375,-45,-49,-55
241,0.0,375,-49,-49,-55
242,0.0,375,-47,-49,-49
243,0.0,375,-49,-49,-49
244,0.0,375,-47,-51,-53
245,0.0,375,-47,-51,-53
246,0.0,375,-47,-47,-59
247,0.0,375,-49,-47,-51
248,0.0,375,-49,-49,-59
249,0.0,375,-47,-49,-57
250,0.0,375,-49,-49,-55
251,0.0,375,-47,-45,-47
252,0.0,375,-49,-41,-47
253,0.0,375,-47,-51,-47
254,0.0,375,-47,-51,-49
255,0.0,375,-49,-47,-55
256,0.0,375,-49,-49,-49
257,0.0,375,-43,-51,-49
258,0.0,375,-49,-51,-53
259,0.0,375,-49,-51,-53
260,0.0,375,-47,-53,-51
261,0.0,375,-47,-53,-51
262,0.0,375,-49,-49,-53
263,0.0,375,-45,-51,-55
264,0.0,375,-47,-47,-55
265,0.0,375,-49,-49,-55
266,0.0,375,-49,-49,-55
267,0.0,375,-49,-49,-55
268,0.0,375,-49,-49,-53
269,0.0,375,-49,-51,-53
270,0.0,375,-49,-51,-53
271,0.0,375,-47,-51,-53
272,0.0,375,-49,-51,-53
273,0.0,375,-47,-49,-53
274,0.0,375,-49,-49,-53
275,0.0,375,-47,-51,-47
276,0.0,375,-47,-47,-53
277,0.0,375,-47,-47,-53
278,0.0,375,-49,-45,-55
279,0.0,375,-49,-45,-53
280,0.0,375,-49,-49,-51
281,0.0,375,-49,-47,-51
282,0.0,375,-49,-49,-55
283,0.0,375,-49,-49,-53
284,0.0,375,-51,-45,-53
285,0.0,375,-51,-45,-53
286,0.0,375,-49,-43,-49
287,0.0,375,-51,-47,-53
288,0.0,375,-49,-45,-51
289,0.0,375,-51,-43,-49
290,0.0,375,-47,-45,-45
291,0.0,375,-49,-45,-49
292,0.0,375,-51,-45,-49
293,0.0,375,-51,-43,-49
294,0.0,375,-51,-45,-49
295,0.0,375,-51,-45,-49
296,0.0,375,-49,-47,-49
297,0.0,375,-47,-45,-49
298,0.0,375,-49,-45,-51
299,0.0,375,-47,-45,-51
300,0.0,250,-37,-51,-49
301,0.0,250,-39,-55,-49
302,0.0,250,-39,-51,-49
303,0.0,250,-39,-53,-49
304,0.0,250,-37,-51,-47
305,0.0,250,-37,-49,-49
306,0.0,250,-39,-51,-47
307,0.0,250,-39,-51,-47
308,0.0,250,-37,-47,-49
309,0.0,250,-39,-47,-49
310,0.0,250,-37,-51,-49
311,0.0,250,-39,-49,-49
312,0.0,250,-39,-47,-47
313,0.0,250,-39,-49,-47
314,0.0,250,-41,-47,-47
315,0.0,250,-37,-49,-49
316,0.0,250,-41,-47,-47
317,0.0,250,-39,-53,-47
318,0.0,250,-39,-51,-49
319,0.0,250,-39,-53,-47
320,0.0,250,-37,-53,-49
321,0.0,250,-41,-51,-47
322,0.0,250,-39,-55,-47
323,0.0,250,-37,-53,-47
324,0.0,250,-37,-51,-47
325,0.0,250,-41,-51,-49
326,0.0,250,-39,-51,-47
327,0.0,250,-39,-49,-47
328,0.0,250,-37,-51,-47
329,0.0,250,-37,-51,-47
330,0.0,250,-39,-51,-47
331,0.0,250,-37,-49,-47
332,0.0,250,-39,-51,-49
333,0.0,250,-37,-49,-47
334,0.0,250,-41,-49,-49
335,0.0,250,-37,-41,-41
336,0.0,250,-39,-51,-47
337,0.0,250,-37,-51,-49
338,0.0,250,-37,-49,-47
339,0.0,250,-39,-51,-49
340,0.0,250,-37,-49,-49
341,0.0,250,-37,-51,-47
342,0.0,250,-41,-51,-49
343,0.0,250,-37,-51,-47
344,0.0,250,-39,-53,-49
345,0.0,250,-41,-53,-49
346,0.0,250,-39,-53,-47
347,0.0,250,-39,-53,-47
348,0.0,250,-39,-53,-47
349,0.0,250,-41,-53,-49
350,0.0,250,-39,-51,-47
351,0.0,250,-41,-49,-47
352,0.0,250,-39,-49,-49
353,0.0,250,-39,-51,-47
354,0.0,250,-37,-49,-47
355,0.0,250,-39,-51,-47
356,0.0,250,-39,-51,-49
357,0.0,250,-39,-51,-47
358,0.0,250,-39,-51,-49
359,0.0,250,-41,-51,-47
360,0.0,250,-37,-51,-47
361,0.0,250,-39,-51,-47
362,0.0,250,-37,-51,-47
363,0.0,250,-39,-51,-47
364,0.0,250,-39,-49,-43
365,0.0,250,-37,-49,-49
366,0.0,250,-39,-49,-49
367,0.0,250,-37,-51,-49
368,0.0,250,-39,-49,-47
369,0.0,250,-41,-47,-47
370,0.0,250,-39,-47,-49
371,0.0,250,-39,-49,-49
372,0.0,250,-41,-49,-47
373,0.0,250,-39,-51,-47
374,0.0,250,-37,-37,-43
375,0.0,250,-37,-49,-49
376,0.0,250,-39,-49,-47
377,0.0,250,-39,-49,-47
378,0.0,250,-39,-49,-47
379,0.0,250,-39,-49,-47
380,0.0,250,-39,-49,-49
381,0.0,250,-41,-49,-49
382,0.0,250,-39,-49,-47
383,0.0,250,-39,-49,-47
384,0.0,250,-39,-49,-49
385,0.0,250,-39,-49,-49
386,0.0,250,-41,-49,-49
387,0.0,250,-41,-51,-49
388,0.0,250,-39,-53,-51
389,0.0,250,-37,-53,-49
390,0.0,250,-39,-51,-47
391,0.0,250,-37,-51,-47
392,0.0,250,-39,-51,-47
393,0.0,250,-37,-49,-49
394,0.0,250,-39,-51,-49
395,0.0,250,-39,-53,-49
396,0.0,250,-39,-53,-49
397,0.0,250,-39,-53,-47
398,0.0,250,-41,-53,-47
399,0.0,250,-39,-51,-47
400,200.5,625,-57,-41,-39
401,200.5,625,-55,-41,-39
402,200.5,625,-53,-41,-35
403,200.5,625,-57,-41,-39
404,200.5,625,-53,-41,-37
405,200.5,625,-55,-41,-37
406,200.5,625,-55,-43,-39
407,200.5,625,-55,-41,-37
408,200.5,625,-55,-41,-37
409,200.5,625,-55,-41,-37
410,200.5,625,-55,-41,-37
411,200.5,625,-55,-41,-37
412,200.5,625,-53,-41,-39
413,200.5,625,-55,-43,-39
414,200.5,625,-57,-41,-39
415,200.5,625,-55,-43,-39
416,200.5,625,-55,-45,-39
417,200.5,625,-57,-43,-39
418,200.5,625,-57,-43,-39
419,200.5,625,-57,-43,-39
420,200.5,625,-55,-43,-39
421,200.5,625,-55,-43,-37
422,200.5,625,-59,-41,-37
423,200.5,625,-57,-41,-39
424,200.5,625,-59,-43,-39
425,200.5,625,-37,-41,-37
426,200.5,625,-51,-43,-39
427,200.5,625,-55,-37,-39
428,200.5,625,-57,-39,-37
429,200.5,625,-55,-43,-39
430,200.5,625,-53,-43,-39
431,200.5,625,-55,-43,-39
432,200.5,625,-55,-43,-39
433,200.5,625,-39,-41,-39
434,200.5,625,-55,-45,-39
435,200.5,625,-59,-43,-39
436,200.5,625,-61,-45,-39
437,200.5,625,-61,-43,-39
438,200.5,625,-59,-43,-39
439,200.5,625,-59,-45,-37
440,200.5,625,-55,-45,-39
441,200.5,625,-55,-45,-37
442,200.5,625,-57,-43,-39
443,200.5,625,-57,-43,-39
444,200.5,625,-55,-43,-39
445,200.5,625,-55,-43,-37
446,200.5,625,-57,-41,-39
447,200.5,625,-61,-41,-37
448,200.5,625,-59,-43,-37
449,200.5,625,-61,-41,-37
450,200.5,625,-59,-43,-37
451,200.5,625,-59,-43,-39
452,200.5,625,-59,-43,-39
453,200.5,625,-61,-43,-39
454,200.5,625,-61,-45,-39
455,200.5,625,-59,-43,-39
456,200.5,625,-61,-43,-39
457,200.5,625,-61,-45,-39
458,200.5,625,-61,-45,-41
459,200.5,625,-55,-43,-39
460,200.5,625,-59,-45,-39
461,200.5,625,-59,-45,-39
462,200.5,625,-53,-41,-39
463,200.5,625,-61,-41,-37
464,200.5,625,-59,-35,-37
465,200.5,625,-59,-41,-39
466,200.5,625,-61,-43,-39
467,200.5,625,-57,-41,-37
468,200.5,625,-57,-43,-39
469,200.5,625,-57,-43,-37
470,200.5,625,-57,-43,-39
471,200.5,625,-55,-43,-37
472,200.5,625,-55,-43,-39
473,200.5,625,-55,-43,-39
474,200.5,625,-59,-45,-39
475,200.5,625,-57,-43,-37
476,200.5,625,-59,-45,-37
477,200.5,625,-57,-43,-37
478,200.5,625,-57,-43,-37
479,200.5,625,-61,-45,-37
480,200.5,625,-61,-43,-39
481,200.5,625,-59,-43,-39
482,200.5,625,-59,-43,-39
483,200.5,625,-59,-43,-37
484,200.5,625,-59,-43,-37
485,200.5,625,-53,-41,-39
486,200.5,625,-59,-43,-39
487,200.5,625,-57,-43,-39
488,200.5,625,-57,-45,-39
489,200.5,625,-61,-41,-39
490,200.5,625,-61,-41,-39
491,200.5,625,-61,-41,-39
492,200.5,625,-63,-41,-39
493,200.5,625,-59,-41,-41
494,200.5,625,-61,-43,-39
495,200.5,625,-63,-43,-39
496,200.5,625,-61,-45,-39
497,200.5,625,-61,-43,-39
498,200.5,625,-63,-43,-39
499,200.5,625,-63,-45,-39
500,187.1,125,-39,-45,-45
501,187.1,125,-41,-45,-45
502,187.1,125,-41,-45,-45
503,187.1,125,-41,-45,-45
504,187.1,125,-39,-45,-45
505,187.1,125,-37,-47,-45
506,187.1,125,-39,-47,-45
507,187.1,125,-41,-47,-43
508,187.1,125,-41,-45,-45
509,187.1,125,-39,-47,-43
510,187.1,125,-43,-47,-43
511,187.1,125,-43,-45,-45
512,187.1,125,-41,-45,-43
513,187.1,125,-41,-45,-47
514,187.1,125,-43,-47,-45
515,187.1,125,-43,-47,-45
516,187.1,125,-39,-49,-45
517,187.1,125,-39,-47,-47
518,187.1,125,-39,-47,-47
519,187.1,125,-39,-47,-49
520,187.1,125,-31,-49,-47
521,187.1,125,-41,-49,-47
522,187.1,125,-39,-47,-49
523,187.1,125,-41,-47,-49
524,187.1,125,-29,-43,-45
525,187.1,125,-39,-45,-47
526,187.1,125,-43,-47,-45
527,187.1,125,-41,-45,-45
528,187.1,125,-39,-45,-45
529,187.1,125,-37,-45,-47
530,187.1,125,-41,-45,-47
531,187.1,125,-39,-43,-45
532,187.1,125,-37,-45,-45
533,187.1,125,-37,-45,-45
534,187.1,125,-39,-45,-45
535,187.1,125,-39,-45,-43
536,187.1,125,-39,-45,-45
537,187.1,125,-39,-47,-45
538,187.1,125,-39,-47,-43
539,187.1,125,-37,-47,-43
540,187.1,125,-39,-47,-43
541,187.1,125,-35,-47,-43
542,187.1,125,-39,-47,-45
543,187.1,125,-37,-47,-43
544,187.1,125,-37,-47,-43
545,187.1,125,-37,-47,-43
546,187.1,125,-37,-49,-43
547,187.1,125,-39,-51,-47
548,187.1,125,-37,-49,-45
549,187.1,125,-39,-47,-45
550,187.1,125,-41,-47,-45
551,187.1,125,-39,-47,-45
552,187.1,125,-39,-47,-45
553,187.1,125,-37,-47,-45
554,187.1,125,-37,-47,-47
555,187.1,125,-37,-49,-47
556,187.1,125,-37,-47,-47
557,187.1,125,-37,-47,-45
558,187.1,125,-37,-47,-45
559,187.1,125,-39,-47,-45
560,187.1,125,-39,-47,-45
561,187.1,125,-37,-47,-45
562,187.1,125,-39,-45,-43
563,187.1,125,-39,-47,-43
564,187.1,125,-39,-47,-43
565,187.1,125,-41,-47,-45
566,187.1,125,-39,-49,-43
567,187.1,125,-39,-47,-43
568,187.1,125,-37,-47,-43
569,187.1,125,-39,-47,-45
570,187.1,125,-41,-47,-43
571,187.1,125,-39,-45,-45
572,187.1,125,-41,-45,-45
573,187.1,125,-41,-45,-43
574,187.1,125,-41,-45,-45
575,187.1,125,-41,-47,-45
576,187.1,125,-41,-47,-45
577,187.1,125,-41,-45,-45
578,187.1,125,-39,-47,-47
579,187.1,125,-41,-45,-47
580,187.1,125,-41,-45,-45
581,187.1,125,-39,-45,-45
582,187.1,125,-41,-41,-45
583,187.1,125,-31,-45,-43
584,187.1,125,-39,-45,-45
585,187.1,125,-41,-47,-45
586,187.1,125,-39,-45,-45
587,187.1,125,-39,-47,-43
588,187.1,125,-39,-45,-43
589,187.1,125,-41,-45,-43
590,187.1,125,-39,-45,-45
591,187.1,125,-41,-45,-45
592,187.1,125,-39,-45,-47
593,187.1,125,-41,-45,-47
594,187.1,125,-41,-45,-47
595,187.1,125,-39,-45,-47
596,187.1,125,-41,-45,-47
597,187.1,125,-39,-43,-49
598,187.1,125,-41,-47,-49
599,187.1,125,-39,-47,-49
600,90.0,731,-51,-47,-15
601,90.0,731,-51,-45,-15
602,90.0,731,-49,-47,-15
603,90.0,731,-49,-45,-17
604,90.0,731,-49,-47,-17
605,90.0,731,-49,-45,-17
606,90.0,731,-51,-47,-15
607,90.0,731,-49,-47,-15
608,90.0,731,-49,-47,-15
609,90.0,731,-51,-47,-15
610,90.0,731,-51,-47,-15
611,90.0,731,-53,-45,-15
612,90.0,731,-51,-47,-15
613,90.0,731,-51,-45,-15
614,90.0,731,-51,-47,-15
615,90.0,731,-49,-47,-15
616,90.0,731,-51,-47,-15
617,90.0,731,-51,-45,-15
618,90.0,731,-49,-47,-17
619,90.0,731,-49,-45,-15
620,90.0,731,-49,-45,-15
621,90.0,731,-51,-47,-15
622,90.0,731,-49,-45,-15
623,90.0,731,-49,-47,-15
624,90.0,731,-51,-47,-17
625,90.0,731,-51,-45,-17
626,90.0,731,-51,-47,-15
627,90.0,731,-51,-47,-15
628,90.0,731,-51,-47,-15
629,90.0,731,-49,-49,-17
630,90.0,731,-51,-47,-17
631,90.0,731,-51,-47,-15
632,90.0,731,-51,-47,-15
633,90.0,731,-51,-47,-17
634,90.0,731,-51,-47,-17
635,90.0,731,-51,-47,-17
636,90.0,731,-51,-41,-17
637,90.0,731,-53,-47,-17
638,90.0,731,-53,-45,-17
639,90.0,731,-53,-47,-17
640,90.0,731,-51,-47,-17
641,90.0,731,-39,-41,-5
642,90.0,731,-51,-45,-17
643,90.0,731,-51,-47,-17
644,90.0,731,-51,-47,-17
645,90.0,731,-51,-45,-17
646,90.0,731,-53,-47,-17
647,90.0,731,-53,-47,-19
648,90.0,731,-51,-49,-17
649,90.0,731,-51,-47,-17
650,90.0,731,-51,-47,-17
651,90.0,731,-53,-47,-17
652,90.0,731,-53,-47,-17
653,90.0,731,-51,-47,-17
654,90.0,731,-51,-47,-17
655,90.0,731,-51,-47,-17
656,90.0,731,-51,-47,-17
657,90.0,731,-51,-45,-17
658,90.0,731,-49,-45,-17
659,90.0,731,-51,-47,-17
660,90.0,731,-51,-47,-17
661,90.0,731,-51,-49,-17
662,90.0,731,-51,-47,-17
663,90.0,731,-51,-47,-17
664,90.0,731,-51,-47,-17
665,90.0,731,-51,-47,-17
666,90.0,731,-51,-45,-17
667,90.0,731,-51,-47,-17
668,90.0,731,-51,-47,-17
669,90.0,731,-51,-47,-17
670,90.0,731,-53,-47,-17
671,90.0,731,-51,-47,-17
672,90.0,731,-37,-49,-5
673,90.0,731,-53,-49,-5
674,90.0,731,-53,-49,-17
675,90.0,731,-53,-49,-17
676,90.0,731,-51,-47,-15
677,90.0,731,-51,-49,-17
678,90.0,731,-53,-47,-17
679,90.0,731,-53,-49,-17
680,90.0,731,-51,-49,-17
681,90.0,731,-51,-49,-15
682,90.0,731,-53,-49,-17
683,90.0,731,-51,-49,-17
684,90.0,731,-51,-47,-15
685,90.0,731,-51,-47,-17
686,90.0,731,-51,-47,-17
687,90.0,731,-51,-47,-17
688,90.0,731,-51,-49,-17
689,90.0,731,-51,-49,-17
690,90.0,731,-51,-49,-17
691,90.0,731,-51,-49,-17
692,90.0,731,-51,-49,-17
693,90.0,731,-51,-51,-17
694,90.0,731,-53,-47,-17
695,90.0,731,-53,-49,-17
696,90.0,731,-51,-49,-17
697,90.0,731,-51,-49,-17
698,90.0,731,-53,-51,-17
699,90.0,731,-53,-49,-17
700,200.5,250,-45,-45,-49
701,200.5,250,-47,-43,-49
702,200.5,250,-45,-43,-49
703,200.5,250,-45,-43,-49
704,200.5,250,-47,-45,-49
705,200.5,250,-45,-45,-47
706,200.5,250,-47,-45,-49
707,200.5,250,-47,-45,-47
708,200.5,250,-47,-43,-47
709,200.5,250,-45,-43,-49
710,200.5,250,-47,-43,-49
711,200.5,250,-47,-35,-47
712,200.5,250,-47,-43,-51
713,200.5,250,-37,-35,-51
714,200.5,250,-45,-43,-47
715,200.5,250,-47,-43,-47
716,200.5,250,-45,-43,-47
717,200.5,250,-45,-45,-49
718,200.5,250,-45,-43,-49
719,200.5,250,-45,-43,-49
720,200.5,250,-45,-43,-49
721,200.5,250,-39,-37,-47
722,200.5,250,-45,-45,-47
723,200.5,250,-43,-43,-49
724,200.5,250,-43,-43,-49
725,200.5,250,-45,-45,-49
726,200.5,250,-45,-43,-47
727,200.5,250,-45,-45,-47
728,200.5,250,-47,-45,-49
729,200.5,250,-45,-45,-47
730,200.5,250,-45,-45,-47
731,200.5,250,-47,-43,-47
732,200.5,250,-45,-43,-47
733,200.5,250,-47,-43,-47
734,200.5,250,-45,-43,-45
735,200.5,250,-45,-43,-45
736,200.5,250,-45,-43,-47
737,200.5,250,-47,-43,-45
738,200.5,250,-47,-43,-45
739,200.5,250,-49,-43,-47
740,200.5,250,-47,-43,-47
741,200.5,250,-47,-43,-47
742,200.5,250,-47,-43,-47
743,200.5,250,-47,-45,-45
744,200.5,250,-47,-35,-47
745,200.5,250,-47,-43,-47
746,200.5,250,-45,-43,-47
747,200.5,250,-45,-43,-47
748,200.5,250,-45,-43,-47
749,200.5,250,-45,-43,-47
750,200.5,250,-45,-43,-47
751,200.5,250,-45,-43,-47
752,200.5,250,-47,-43,-47
753,200.5,250,-45,-43,-47
754,200.5,250,-45,-43,-49
755,200.5,250,-43,-43,-47
756,200.5,250,-45,-37,-51
757,200.5,250,-47,-43,-49
758,200.5,250,-45,-43,-47
759,200.5,250,-45,-43,-49
760,200.5,250,-45,-45,-49
761,200.5,250,-45,-45,-49
762,200.5,250,-45,-45,-49
763,200.5,250,-45,-43,-49
764,200.5,250,-37,-43,-49
765,200.5,250,-47,-43,-49
766,200.5,250,-45,-43,-49
767,200.5,250,-43,-43,-49
768,200.5,250,-45,-43,-49
769,200.5,250,-45,-43,-49
770,200.5,250,-39,-35,-49
771,200.5,250,-45,-43,-47
772,200.5,250,-45,-45,-49
773,200.5,250,-45,-45,-49
774,200.5,250,-45,-47,-49
775,200.5,250,-43,-45,-49
776,200.5,250,-45,-45,-51
777,200.5,250,-45,-45,-51
778,200.5,250,-45,-43,-49
779,200.5,250,-45,-43,-49
780,200.5,250,-43,-43,-49
781,200.5,250,-35,-43,-47
782,200.5,250,-37,-35,-49
783,200.5,250,-45,-43,-51
784,200.5,250,-43,-43,-49
785,200.5,250,-43,-43,-49
786,200.5,250,-45,-43,-49
787,200.5,250,-43,-43,-49
788,200.5,250,-45,-43,-51
789,200.5,250,-45,-45,-49
790,200.5,250,-45,-45,-49
791,200.5,250,-45,-45,-49
792,200.5,250,-45,-45,-49
793,200.5,250,-45,-45,-49
794,200.5,250,-45,-45,-47
795,200.5,250,-45,-45,-47
796,200.5,250,-45,-45,-49
797,200.5,250,-45,-47,-47
798,200.5,250,-47,-45,-47
799,200.5,250,-43,-45,-47
800,0.0,125,-39,-47,-45
801,0.0,125,-41,-45,-45
802,0.0,125,-39,-45,-45
803,0.0,125,-43,-47,-45
804,0.0,125,-41,-47,-47
805,0.0,125,-41,-45,-43
806,0.0,125,-43,-49,-43
807,0.0,125,-43,-47,-43
808,0.0,125,-39,-47,-45
809,0.0,125,-41,-45,-43
810,0.0,125,-41,-47,-47
811,0.0,125,-37,-47,-43
812,0.0,125,-39,-45,-43
813,0.0,125,-41,-45,-43
814,0.0,125,-43,-43,-43
815,0.0,125,-43,-43,-43
816,0.0,125,-41,-45,-45
817,0.0,125,-43,-43,-43
818,0.0,125,-45,-43,-43
819,0.0,125,-41,-43,-43
820,0.0,125,-43,-39,-43
821,0.0,125,-35,-39,-43
822,0.0,125,-33,-45,-43
823,0.0,125,-41,-43,-45
824,0.0,125,-43,-45,-45
825,0.0,125,-45,-45,-45
826,0.0,125,-39,-45,-45
827,0.0,125,-39,-43,-45
828,0.0,125,-41,-43,-45
829,0.0,125,-41,-43,-45
830,0.0,125,-41,-45,-47
831,0.0,125,-43,-43,-45
832,0.0,125,-45,-47,-47
833,0.0,125,-43,-47,-45
834,0.0,125,-41,-47,-45
835,0.0,125,-35,-49,-47
836,0.0,125,-45,-47,-45
837,0.0,125,-45,-47,-47
838,0.0,125,-43,-49,-47
839,0.0,125,-43,-49,-45
840,0.0,125,-43,-47,-45
841,0.0,125,-43,-47,-45
842,0.0,125,-43,-45,-45
843,0.0,125,-41,-47,-45
844,0.0,125,-45,-45,-45
845,0.0,125,-45,-47,-45
846,0.0,125,-43,-47,-45
847,0.0,125,-47,-45,-45
848,0.0,125,-43,-45,-45
849,0.0,125,-43,-47,-45
850,0.0,125,-45,-47,-43
851,0.0,125,-45,-47,-45
852,0.0,125,-45,-47,-47
853,0.0,125,-43,-49,-47
854,0.0,125,-43,-49,-45
855,0.0,125,-43,-49,-47
856,0.0,125,-43,-47,-45
857,0.0,125,-45,-49,-45
858,0.0,125,-43,-47,-45
859,0.0,125,-43,-49,-45
860,0.0,125,-41,-49,-47
861,0.0,125,-39,-49,-47
862,0.0,125,-41,-49,-47
863,0.0,125,-41,-49,-45
864,0.0,125,-41,-49,-47
865,0.0,125,-41,-49,-45
866,0.0,125,-43,-49,-45
867,0.0,125,-41,-49,-47
868,0.0,125,-39,-49,-47
869,0.0,125,-41,-49,-45
870,0.0,125,-43,-47,-45
871,0.0,125,-43,-47,-45
872,0.0,125,-45,-47,-45
873,0.0,125,-45,-49,-45
874,0.0,125,-45,-47,-45
875,0.0,125,-45,-47,-47
876,0.0,125,-43,-45,-45
877,0.0,125,-43,-47,-45
878,0.0,125,-43,-47,-47
879,0.0,125,-43,-45,-45
880,0.0,125,-43,-47,-45
881,0.0,125,-43,-45,-45
882,0.0,125,-43,-47,-47
883,0.0,125,-41,-47,-47
884,0.0,125,-41,-47,-47
885,0.0,125,-41,-47,-47
886,0.0,125,-43,-47,-45
887,0.0,125,-43,-47,-47
888,0.0,125,-33,-41,-45
889,0.0,125,-43,-49,-47
890,0.0,125,-43,-47,-47
891,0.0,125,-43,-49,-47
892,0.0,125,-43,-49,-49
893,0.0,125,-45,-49,-49
894,0.0,125,-45,-49,-47
895,0.0,125,-45,-49,-47
896,0.0,125,-43,-47,-47
897,0.0,125,-43,-47,-47
898,0.0,125,-43,-49,-47
899,0.0,125,-43,-49,-47
900,157.5,0,-37,-43,-45
901,157.5,0,-37,-43,-43
902,157.5,0,-37,-43,-45
903,157.5,0,-37,-45,-43
904,157.5,0,-37,-43,-45
905,157.5,0,-37,-43,-45
906,157.5,0,-37,-43,-45
907,157.5,0,-37,-43,-45
908,157.5,0,-35,-43,-47
909,157.5,0,-37,-43,-45
910,157.5,0,-35,-43,-45
911,157.5,0,-29,-45,-43
912,157.5,0,-37,-45,-45
913,157.5,0,-37,-45,-45
914,157.5,0,-37,-45,-45
915,157.5,0,-37,-45,-45
916,157.5,0,-37,-45,-43
917,157.5,0,-37,-45,-45
918,157.5,0,-37,-43,-43
919,157.5,0,-37,-43,-45
920,157.5,0,-35,-45,-43
921,157.5,0,-35,-43,-43
922,157.5,0,-37,-43,-43
923,157.5,0,-37,-43,-45
924,157.5,0,-35,-43,-45
925,157.5,0,-35,-43,-45
926,157.5,0,-37,-43,-43
927,157.5,0,-37,-45,-43
928,157.5,0,-37,-43,-43
929,157.5,0,-37,-43,-45
930,157.5,0,-35,-45,-45
931,157.5,0,-37,-45,-45
932,157.5,0,-37,-47,-43
933,157.5,0,-39,-45,-45
934,157.5,0,-39,-45,-45
935,157.5,0,-37,-45,-45
936,157.5,0,-39,-47,-45
937,157.5,0,-39,-45,-45
938,157.5,0,-37,-45,-45
939,157.5,0,-39,-45,-45
940,157.5,0,-39,-45,-45
941,157.5,0,-39,-47,-45
942,157.5,0,-37,-47,-45
943,157.5,0,-35,-47,-45
944,157.5,0,-39,-45,-45
945,157.5,0,-39,-47,-45
946,157.5,0,-39,-45,-45
947,157.5,0,-39,-45,-45
948,157.5,0,-37,-47,-45
949,157.5,0,-37,-45,-45
950,157.5,0,-37,-47,-45
951,157.5,0,-37,-47,-45
952,157.5,0,-39,-49,-45
953,157.5,0,-35,-47,-47
954,157.5,0,-39,-45,-45
955,157.5,0,-37,-45,-47
956,157.5,0,-37,-45,-47
957,157.5,0,-39,-47,-45
958,157.5,0,-37,-45,-45
959,157.5,0,-37,-47,-45
960,157.5,0,-37,-45,-47
961,157.5,0,-37,-45,-45
962,157.5,0,-39,-47,-43
963,157.5,0,-39,-45,-47
964,157.5,0,-37,-45,-47
965,157.5,0,-39,-47,-47
966,157.5,0,-39,-45,-45
967,157.5,0,-39,-45,-47
968,157.5,0,-39,-45,-49
969,157.5,0,-39,-45,-45
970,157.5,0,-29,-47,-47
971,157.5,0,-37,-45,-47
972,157.5,0,-37,-45,-49
973,157.5,0,-37,-45,-47
974,157.5,0,-37,-47,-45
975,157.5,0,-37,-47,-43
976,157.5,0,-39,-47,-45
977,157.5,0,-37,-47,-45
978,157.5,0,-39,-47,-43
979,157.5,0,-37,-45,-45
980,157.5,0,-37,-45,-45
981,157.5,0,-39,-43,-45
982,157.5,0,-39,-45,-47
983,157.5,0,-39,-47,-47
984,157.5,0,-39,-47,-45
985,157.5,0,-39,-45,-47
986,157.5,0,-39,-45,-45
987,157.5,0,-37,-45,-45
988,157.5,0,-37,-45,-45
989,157.5,0,-39,-45,-45
990,157.5,0,-37,-45,-45
991,157.5,0,-39,-45,-47
992,157.5,0,-39,-45,-47
993,157.5,0,-39,-47,-47
994,157.5,0,-37,-47,-45
995,157.5,0,-39,-47,-47
996,157.5,0,-39,-47,-45
997,157.5,0,-39,-45,-47
998,157.5,0,-39,-45,-45
999,157.5,0,-39,-47,-43
1000,250.5,375,-47,-39,-51
1001,250.5,375,-51,-39,-53
1002,250.5,375,-49,-39,-53
1003,250.5,375,-49,-39,-53
1004,250.5,375,-49,-39,-51
1005,250.5,375,-49,-41,-53
1006,250.5,375,-49,-39,-55
1007,250.5,375,-47,-41,-53
1008,250.5,375,-49,-39,-53
1009,250.5,375,-47,-39,-53
1010,250.5,375,-49,-41,-51
1011,250.5,375,-49,-39,-53
1012,250.5,375,-49,-41,-53
1013,250.5,375,-49,-41,-53
1014,250.5,375,-49,-39,-51
1015,250.5,375,-49,-41,-51
1016,250.5,375,-49,-39,-53
1017,250.5,375,-49,-39,-51
1018,250.5,375,-49,-39,-51
1019,250.5,375,-49,-39,-51
1020,250.5,375,-49,-39,-51
1021,250.5,375,-49,-39,-53
1022,250.5,375,-51,-41,-51
1023,250.5,375,-49,-37,-51
1024,250.5,375,-49,-37,-45
1025,250.5,375,-49,-35,-45
1026,250.5,375,-51,-39,-51
1027,250.5,375,-49,-37,-45
1028,250.5,375,-49,-41,-47
1029,250.5,375,-49,-39,-47
1030,250.5,375,-49,-41,-51
1031,250.5,375,-49,-39,-51
1032,250.5,375,-49,-39,-53
1033,250.5,375,-51,-39,-51
1034,250.5,375,-51,-39,-53
1035,250.5,375,-49,-39,-53
1036,250.5,375,-51,-41,-53
1037,250.5,375,-51,-39,-51
1038,250.5,375,-51,-41,-51
1039,250.5,375,-51,-39,-53
1040,250.5,375,-51,-41,-51
1041,250.5,375,-51,-39,-49
1042,250.5,375,-51,-39,-51
1043,250.5,375,-51,-39,-53
1044,250.5,375,-51,-41,-53
1045,250.5,375,-51,-39,-53
1046,250.5,375,-51,-39,-51
1047,250.5,375,-49,-41,-53
1048,250.5,375,-51,-41,-53
1049,250.5,375,-51,-41,-51
1050,250.5,375,-51,-39,-45
1051,250.5,375,-47,-39,-53
1052,250.5,375,-53,-41,-51
1053,250.5,375,-51,-39,-53
1054,250.5,375,-53,-39,-51
1055,250.5,375,-53,-39,-51
1056,250.5,375,-53,-39,-53
1057,250.5,375,-53,-41,-53
1058,250.5,375,-51,-39,-53
1059,250.5,375,-53,-39,-53
1060,250.5,375,-51,-39,-53
1061,250.5,375,-51,-39,-53
1062,250.5,375,-53,-39,-53
1063,250.5,375,-51,-39,-53
1064,250.5,375,-51,-41,-51
1065,250.5,375,-51,-39,-53
1066,250.5,375,-51,-39,-53
1067,250.5,375,-51,-39,-53
1068,250.5,375,-49,-41,-53
1069,250.5,375,-49,-39,-53
1070,250.5,375,-49,-39,-53
1071,250.5,375,-49,-39,-53
1072,250.5,375,-49,-41,-51
1073,250.5,375,-49,-39,-53
1074,250.5,375,-49,-39,-53
1075,250.5,375,-49,-39,-53
1076,250.5,375,-49,-39,-53
1077,250.5,375,-49,-39,-53
1078,250.5,375,-49,-39,-53
1079,250.5,375,-49,-39,-51
1080,250.5,375,-49,-41,-53
1081,250.5,375,-49,-39,-53
1082,250.5,375,-49,-39,-53
1083,250.5,375,-49,-39,-53
1084,250.5,375,-49,-39,-53
1085,250.5,375,-49,-39,-45
1086,250.5,375,-47,-39,-53
1087,250.5,375,-49,-41,-45
1088,250.5,375,-49,-41,-45
1089,250.5,375,-51,-41,-53
1090,250.5,375,-49,-41,-53
1091,250.5,375,-49,-39,-55
1092,250.5,375,-49,-39,-55
1093,250.5,375,-49,-41,-53
1094,250.5,375,-49,-39,-53
1095,250.5,375,-49,-39,-51
1096,250.5,375,-51,-39,-51
1097,250.5,375,-47,-37,-51
1098,250.5,375,-51,-39,-51
1099,250.5,375,-51,-41,-53
1100,200.5,375,-55,-29,-51
1101,200.5,375,-53,-29,-51
1102,200.5,375,-55,-29,-51
1103,200.5,375,-55,-27,-51
1104,200.5,375,-53,-27,-51
1105,200.5,375,-49,-29,-49
1106,200.5,375,-53,-29,-49
1107,200.5,375,-55,-27,-49
1108,200.5,375,-53,-29,-47
1109,200.5,375,-49,-29,-51
1110,200.5,375,-53,-29,-49
1111,200.5,375,-53,-29,-51
1112,200.5,375,-53,-27,-51
1113,200.5,375,-53,-27,-49
1114,200.5,375,-53,-27,-51
1115,200.5,375,-53,-29,-51
1116,200.5,375,-55,-29,-51
1117,200.5,375,-55,-27,-49
1118,200.5,375,-53,-27,-49
1119,200.5,375,-53,-27,-49
1120,200.5,375,-53,-27,-49
1121,200.5,375,-53,-29,-51
1122,200.5,375,-53,-29,-49
1123,200.5,375,-53,-29,-49
1124,200.5,375,-53,-27,-49
1125,200.5,375,-53,-27,-49
1126,200.5,375,-53,-27,-49
1127,200.5,375,-53,-29,-49
1128,200.5,375,-53,-29,-49
1129,200.5,375,-51,-29,-51
1130,200.5,375,-51,-27,-51
1131,200.5,375,-53,-27,-49
1132,200.5,375,-53,-27,-49
1133,200.5,375,-53,-27,-51
1134,200.5,375,-53,-27,-49
1135,200.5,375,-53,-27,-49
1136,200.5,375,-51,-29,-49
1137,200.5,375,-51,-27,-51
1138,200.5,375,-51,-29,-51
1139,200.5,375,-53,-29,-53
1140,200.5,375,-53,-29,-51
1141,200.5,375,-53,-29,-51
1142,200.5,375,-55,-29,-51
1143,200.5,375,-53,-27,-51
1144,200.5,375,-53,-29,-51
1145,200.5,375,-53,-29,-51
1146,200.5,375,-53,-27,-51
1147,200.5,375,-53,-29,-51
1148,200.5,375,-53,-29,-53
1149,200.5,375,-53,-29,-53
1150,200.5,375,-53,-27,-53
1151,200.5,375,-53,-27,-53
1152,200.5,375,-53,-29,-51
1153,200.5,375,-53,-29,-51
1154,200.5,375,-53,-29,-53
1155,200.5,375,-53,-29,-51
1156,200.5,375,-53,-29,-51
1157,200.5,375,-53,-29,-51
1158,200.5,375,-55,-29,-49
1159,200.5,375,-53,-27,-49
1160,200.5,375,-53,-27,-49
1161,200.5,375,-53,-27,-49
1162,200.5,375,-53,-27,-49
1163,200.5,375,-53,-27,-49
1164,200.5,375,-53,-27,-51
1165,200.5,375,-53,-27,-51
1166,200.5,375,-47,-17,-41
1167,200.5,375,-53,-27,-49
1168,200.5,375,-53,-29,-49
1169,200.5,375,-53,-29,-51
1170,200.5,375,-53,-29,-51
1171,200.5,375,-53,-27,-51
1172,200.5,375,-53,-29,-51
1173,200.5,375,-53,-29,-51
1174,200.5,375,-53,-27,-51
1175,200.5,375,-55,-29,-51
1176,200.5,375,-55,-29,-51
1177,200.5,375,-55,-27,-51
1178,200.5,375,-53,-29,-51
1179,200.5,375,-53,-29,-51
1180,200.5,375,-53,-29,-51
1181,200.5,375,-55,-29,-51
1182,200.5,375,-53,-29,-49
1183,200.5,375,-53,-27,-51
1184,200.5,375,-53,-29,-49
1185,200.5,375,-53,-29,-49
1186,200.5,375,-53,-27,-49
1187,200.5,375,-53,-29,-49
1188,200.5,375,-53,-29,-51
1189,200.5,375,-53,-29,-49
1190,200.5,375,-53,-29,-49
1191,200.5,375,-53,-27,-49
1192,200.5,375,-53,-27,-49
1193,200.5,375,-53,-27,-49
1194,200.5,375,-53,-29,-49
1195,200.5,375,-53,-29,-49
1196,200.5,375,-53,-29,-49
1197,200.5,375,-53,-29,-51
1198,200.5,375,-53,-27,-51
1199,200.5,375,-53,-29,-51
1200,284.0,500,-51,-49,-43
1201,284.0,500,-49,-49,-43
1202,284.0,500,-49,-47,-43
1203,284.0,500,-49,-47,-43
1204,284.0,500,-49,-47,-41
1205,284.0,500,-51,-47,-41
1206,284.0,500,-51,-47,-43
1207,284.0,500,-53,-47,-43
1208,284.0,500,-49,-45,-43
1209,284.0,500,-51,-45,-41
1210,284.0,500,-51,-47,-41
1211,284.0,500,-51,-49,-43
1212,284.0,500,-51,-47,-43
1213,284.0,500,-51,-49,-43
1214,284.0,500,-51,-47,-41
1215,284.0,500,-49,-47,-41
1216,284.0,500,-49,-47,-41
1217,284.0,500,-51,-49,-41
1218,284.0,500,-51,-47,-41
1219,284.0,500,-51,-47,-39
1220,284.0,500,-49,-49,-41
1221,284.0,500,-49,-49,-41
1222,284.0,500,-51,-49,-41
1223,284.0,500,-49,-49,-41
1224,284.0,500,-49,-49,-41
1225,284.0,500,-49,-49,-43
1226,284.0,500,-49,-49,-43
1227,284.0,500,-49,-49,-43
1228,284.0,500,-49,-49,-43
1229,284.0,500,-49,-51,-43
1230,284.0,500,-49,-49,-43
1231,284.0,500,-51,-47,-41
1232,284.0,500,-49,-49,-41
1233,284.0,500,-49,-49,-41
1234,284.0,500,-49,-49,-43
1235,284.0,500,-51,-49,-43
1236,284.0,500,-49,-49,-43
1237,284.0,500,-41,-43,-41
1238,284.0,500,-51,-47,-39
1239,284.0,500,-49,-47,-43
1240,284.0,500,-51,-47,-41
1241,284.0,500,-51,-49,-43
1242,284.0,500,-49,-49,-43
1243,284.0,500,-51,-47,-43
1244,284.0,500,-51,-49,-43
1245,284.0,500,-51,-49,-43
1246,284.0,500,-51,-47,-43
1247,284.0,500,-51,-47,-43
1248,284.0,500,-49,-49,-43
1249,284.0,500,-51,-49,-43
1250,284.0,500,-51,-49,-41
1251,284.0,500,-51,-49,-43
1252,284.0,500,-51,-47,-43
1253,284.0,500,-49,-47,-43
1254,284.0,500,-51,-47,-43
1255,284.0,500,-51,-47,-43
1256,284.0,500,-49,-47,-43
1257,284.0,500,-49,-47,-81
1258,284.0,500,-49,-41,-39
1259,284.0,500,-47,-47,-43
1260,284.0,500,-49,-47,-43
1261,284.0,500,-49,-47,-43
1262,284.0,500,-51,-49,-43
1263,284.0,500,-51,-49,-43
1264,284.0,500,-49,-47,-43
1265,284.0,500,-49,-47,-43
1266,284.0,500,-49,-47,-43
1267,284.0,500,-51,-47,-43
1268,284.0,500,-51,-47,-43
1269,284.0,500,-51,-47,-41
1270,284.0,500,-51,-47,-43
1271,284.0,500,-51,-49,-43
1272,284.0,500,-47,-47,-41
1273,284.0,500,-49,-47,-43
1274,284.0,500,-49,-45,-41
1275,284.0,500,-49,-45,-43
1276,284.0,500,-43,-39,-37
1277,284.0,500,-49,-47,-43
1278,284.0,500,-51,-47,-41
1279,284.0,500,-49,-47,-43
1280,284.0,500,-51,-49,-43
1281,284.0,500,-49,-49,-41
1282,284.0,500,-49,-47,-43
1283,284.0,500,-51,-47,-43
1284,284.0,500,-51,-47,-41
1285,284.0,500,-49,-49,-41
1286,284.0,500,-53,-47,-43
1287,284.0,500,-43,-39,-37
1288,284.0,500,-51,-49,-37
1289,284.0,500,-51,-49,-43
1290,284.0,500,-53,-51,-43
1291,284.0,500,-51,-47,-43
1292,284.0,500,-51,-49,-43
1293,284.0,500,-49,-49,-43
1294,284.0,500,-49,-49,-43
1295,284.0,500,-51,-47,-43
1296,284.0,500,-51,-47,-43
1297,284.0,500,-51,-47,-43
1298,284.0,500,-49,-49,-43
1299,284.0,500,-51,-49,-39
1300,90.0,625,-45,-41,-35
1301,90.0,625,-45,-41,-37
1302,90.0,625,-45,-41,-35
1303,90.0,625,-45,-41,-37
1304,90.0,625,-47,-41,-37
1305,90.0,625,-45,-41,-37
1306,90.0,625,-45,-39,-37
1307,90.0,625,-45,-39,-37
1308,90.0,625,-45,-41,-35
1309,90.0,625,-47,-41,-35
1310,90.0,625,-47,-41,-37
1311,90.0,625,-45,-41,-37
1312,90.0,625,-45,-41,-37
1313,90.0,625,-45,-41,-37
1314,90.0,625,-47,-41,-39
1315,90.0,625,-45,-41,-37
1316,90.0,625,-45,-41,-37
1317,90.0,625,-45,-41,-37
1318,90.0,625,-43,-43,-37
1319,90.0,625,-45,-41,-37
1320,90.0,625,-43,-41,-37
1321,90.0,625,-45,-41,-35
1322,90.0,625,-45,-41,-35
1323,90.0,625,-47,-39,-37
1324,90.0,625,-45,-41,-39
1325,90.0,625,-45,-39,-37
1326,90.0,625,-45,-39,-37
1327,90.0,625,-45,-41,-37
1328,90.0,625,-45,-41,-37
1329,90.0,625,-45,-41,-35
1330,90.0,625,-45,-41,-37
1331,90.0,625,-45,-41,-37
1332,90.0,625,-47,-41,-37
1333,90.0,625,-47,-41,-37
1334,90.0,625,-45,-41,-39
1335,90.0,625,-45,-41,-37
1336,90.0,625,-45,-41,-37
1337,90.0,625,-45,-41,-37
1338,90.0,625,-45,-41,-37
1339,90.0,625,-45,-43,-37
1340,90.0,625,-47,-41,-37
1341,90.0,625,-45,-43,-39
1342,90.0,625,-45,-41,-37
1343,90.0,625,-47,-43,-37
1344,90.0,625,-45,-41,-37
1345,90.0,625,-45,-39,-37
1346,90.0,625,-45,-41,-39
1347,90.0,625,-45,-41,-37
1348,90.0,625,-45,-41,-37
1349,90.0,625,-43,-41,-39
1350,90.0,625,-47,-43,-37
1351,90.0,625,-45,-41,-37
1352,90.0,625,-47,-41,-37
1353,90.0,625,-45,-41,-39
1354,90.0,625,-45,-41,-37
1355,90.0,625,-47,-41,-37
1356,90.0,625,-45,-41,-39
1357,90.0,625,-45,-43,-39
1358,90.0,625,-45,-41,-39
1359,90.0,625,-45,-41,-39
1360,90.0,625,-45,-43,-37
1361,90.0,625,-47,-43,-39
1362,90.0,625,-45,-41,-37
1363,90.0,625,-45,-43,-37
1364,90.0,625,-47,-41,-39
1365,90.0,625,-47,-43,-37
1366,90.0,625,-47,-41,-39
1367,90.0,625,-47,-41,-37
1368,90.0,625,-45,-41,-37
1369,90.0,625,-47,-41,-37
1370,90.0,625,-45,-41,-37
1371,90.0,625,-45,-41,-37
1372,90.0,625,-45,-41,-37
1373,90.0,625,-45,-41,-37
1374,90.0,625,-47,-41,-37
1375,90.0,625,-45,-41,-37
1376,90.0,625,-45,-41,-37
1377,90.0,625,-45,-39,-35
1378,90.0,625,-45,-41,-37
1379,90.0,625,-45,-41,-37
1380,90.0,625,-45,-41,-39
1381,90.0,625,-45,-41,-37
1382,90.0,625,-45,-41,-39
1383,90.0,625,-43,-41,-59
1384,90.0,625,-43,-41,-39
1385,90.0,625,-45,-41,-37
1386,90.0,625,-45,-41,-39
1387,90.0,625,-45,-43,-37
1388,90.0,625,-45,-43,-39
1389,90.0,625,-43,-41,-37
1390,90.0,625,-43,-43,-39
1391,90.0,625,-43,-41,-37
1392,90.0,625,-43,-41,-37
1393,90.0,625,-45,-41,-39
1394,90.0,625,-45,-41,-37
1395,90.0,625,-43,-41,-35
1396,90.0,625,-41,-41,-31
1397,90.0,625,-41,-41,-33
1398,90.0,625,-45,-41,-37
1399,90.0,625,-45,-41,-39
1400,90.0,125,-45,-51,-53
1401,90.0,125,-45,-51,-51
1402,90.0,125,-45,-51,-53
1403,90.0,125,-45,-51,-51
1404,90.0,125,-45,-51,-51
1405,90.0,125,-45,-51,-53
1406,90.0,125,-45,-51,-51
1407,90.0,125,-43,-51,-53
1408,90.0,125,-43,-53,-53
1409,90.0,125,-43,-51,-53
1410,90.0,125,-43,-51,-49
1411,90.0,125,-45,-51,-53
1412,90.0,125,-45,-51,-51
1413,90.0,125,-45,-51,-53
1414,90.0,125,-45,-51,-51
1415,90.0,125,-45,-51,-51
1416,90.0,125,-45,-51,-51
1417,90.0,125,-45,-53,-51
1418,90.0,125,-45,-51,-53
1419,90.0,125,-45,-51,-51
1420,90.0,125,-45,-53,-55
1421,90.0,125,-45,-51,-53
1422,90.0,125,-47,-51,-53
1423,90.0,125,-45,-51,-55
1424,90.0,125,-45,-51,-55
1425,90.0,125,-45,-51,-55
1426,90.0,125,-47,-51,-55
1427,90.0,125,-45,-51,-55
1428,90.0,125,-47,-53,-55
1429,90.0,125,-45,-51,-53
1430,90.0,125,-45,-49,-53
1431,90.0,125,-45,-49,-55
1432,90.0,125,-45,-51,-51
1433,90.0,125,-45,-51,-51
1434,90.0,125,-45,-51,-53
1435,90.0,125,-45,-47,-47
1436,90.0,125,-37,-49,-53
1437,90.0,125,-45,-51,-53
1438,90.0,125,-45,-51,-53
1439,90.0,125,-45,-49,-51
1440,90.0,125,-43,-49,-51
1441,90.0,125,-43,-47,-49
1442,90.0,125,-43,-49,-53
1443,90.0,125,-43,-49,-53
1444,90.0,125,-43,-51,-53
1445,90.0,125,-45,-51,-53
1446,90.0,125,-45,-51,-53
1447,90.0,125,-45,-51,-53
1448,90.0,125,-43,-51,-53
1449,90.0,125,-45,-51,-51
1450,90.0,125,-45,-49,-51
1451,90.0,125,-45,-49,-51
1452,90.0,125,-43,-49,-51
1453,90.0,125,-43,-49,-51
1454,90.0,125,-43,-49,-51
1455,90.0,125,-43,-51,-51
1456,90.0,125,-43,-49,-51
1457,90.0,125,-43,-51,-51
1458,90.0,125,-45,-49,-51
1459,90.0,125,-43,-49,-51
1460,90.0,125,-43,-49,-51
1461,90.0,125,-43,-49,-51
1462,90.0,125,-43,-51,-51
1463,90.0,125,-43,-49,-47
1464,90.0,125,-39,-47,-47
1465,90.0,125,-39,-49,-47
1466,90.0,125,-39,-47,-47
1467,90.0,125,-41,-49,-47
1468,90.0,125,-39,-47,-47
1469,90.0,125,-39,-49,-49
1470,90.0,125,-37,-45,-49
1471,90.0,125,-39,-47,-47
1472,90.0,125,-41,-41,-49
1473,90.0,125,-33,-41,-43
1474,90.0,125,-43,-49,-49
1475,90.0,125,-43,-49,-49
1476,90.0,125,-41,-49,-49
1477,90.0,125,-41,-49,-51
1478,90.0,125,-41,-49,-51
1479,90.0,125,-41,-49,-51
1480,90.0,125,-43,-47,-49
1481,90.0,125,-43,-47,-49
1482,90.0,125,-41,-49,-49
1483,90.0,125,-43,-47,-49
1484,90.0,125,-43,-49,-51
1485,90.0,125,-41,-49,-49
1486,90.0,125,-41,-47,-51
1487,90.0,125,-41,-47,-51
1488,90.0,125,-43,-49,-51
1489,90.0,125,-43,-47,-53
1490,90.0,125,-43,-47,-51
1491,90.0,125,-43,-47,-51
1492,90.0,125,-43,-47,-51
1493,90.0,125,-43,-47,-51
1494,90.0,125,-43,-49,-53
1495,90.0,125,-43,-49,-53
1496,90.0,125,-43,-49,-51
1497,90.0,125,-43,-49,-53
1498,90.0,125,-43,-47,-53
1499,90.0,125,-43,-49,-51
1500,90.0,250,-39,-47,-51
1501,90.0,250,-41,-47,-49
1502,90.0,250,-39,-47,-49
1503,90.0,250,-39,-47,-51
1504,90.0,250,-39,-47,-51
1505,90.0,250,-39,-45,-49
1506,90.0,250,-41,-45,-45
1507,90.0,250,-41,-47,-49
1508,90.0,250,-41,-47,-49
1509,90.0,250,-41,-45,-49
1510,90.0,250,-39,-45,-49
1511,90.0,250,-39,-47,-49
1512,90.0,250,-39,-45,-49
1513,90.0,250,-39,-45,-49
1514,90.0,250,-41,-47,-49
1515,90.0,250,-39,-47,-49
1516,90.0,250,-41,-47,-49
1517,90.0,250,-41,-47,-49
1518,90.0,250,-39,-47,-47
1519,90.0,250,-41,-47,-49
1520,90.0,250,-41,-47,-49
1521,90.0,250,-41,-47,-49
1522,90.0,250,-41,-47,-47
1523,90.0,250,-43,-47,-47
1524,90.0,250,-41,-45,-47
1525,90.0,250,-41,-45,-49
1526,90.0,250,-41,-45,-49
1527,90.0,250,-39,-45,-47
1528,90.0,250,-41,-45,-49
1529,90.0,250,-41,-45,-47
1530,90.0,250,-39,-47,-47
1531,90.0,250,-41,-51,-47
1532,90.0,250,-41,-49,-49
1533,90.0,250,-41,-49,-49
1534,90.0,250,-41,-47,-49
1535,90.0,250,-41,-49,-49
1536,90.0,250,-41,-47,-49
1537,90.0,250,-41,-49,-49
1538,90.0,250,-39,-47,-49
1539,90.0,250,-43,-47,-49
1540,90.0,250,-39,-47,-47
1541,90.0,250,-39,-49,-49
1542,90.0,250,-39,-49,-49
1543,90.0,250,-39,-49,-47
1544,90.0,250,-39,-47,-47
1545,90.0,250,-39,-47,-49
1546,90.0,250,-41,-47,-47
1547,90.0,250,-41,-47,-47
1548,90.0,250,-39,-49,-49
1549,90.0,250,-41,-49,-49
1550,90.0,250,-41,-47,-49
1551,90.0,250,-41,-47,-49
1552,90.0,250,-41,-47,-47
1553,90.0,250,-41,-45,-49
1554,90.0,250,-41,-45,-47
1555,90.0,250,-39,-47,-49
1556,90.0,250,-39,-45,-47
1557,90.0,250,-39,-45,-49
1558,90.0,250,-41,-45,-49
1559,90.0,250,-41,-47,-47
1560,90.0,250,-41,-47,-41
1561,90.0,250,-41,-47,-47
1562,90.0,250,-41,-47,-47
1563,90.0,250,-39,-47,-47
1564,90.0,250,-41,-49,-47
1565,90.0,250,-43,-49,-49
1566,90.0,250,-39,-49,-47
1567,90.0,250,-43,-49,-49
1568,90.0,250,-41,-47,-49
1569,90.0,250,-41,-47,-47
1570,90.0,250,-41,-45,-49
1571,90.0,250,-41,-45,-49
1572,90.0,250,-41,-45,-49
1573,90.0,250,-41,-47,-47
1574,90.0,250,-39,-47,-47
1575,90.0,250,-41,-47,-47
1576,90.0,250,-41,-45,-47
1577,90.0,250,-41,-49,-47
1578,90.0,250,-41,-49,-47
1579,90.0,250,-41,-49,-47
1580,90.0,250,-41,-49,-47
1581,90.0,250,-39,-49,-49
1582,90.0,250,-41,-51,-47
1583,90.0,250,-39,-49,-47
1584,90.0,250,-37,-35,-41
1585,90.0,250,-41,-47,-47
1586,90.0,250,-41,-43,-49
1587,90.0,250,-41,-47,-49
1588,90.0,250,-43,-47,-47
1589,90.0,250,-41,-47,-47
1590,90.0,250,-39,-47,-45
1591,90.0,250,-41,-47,-49
1592,90.0,250,-41,-49,-47
1593,90.0,250,-41,-49,-47
1594,90.0,250,-41,-49,-47
1595,90.0,250,-41,-49,-49
1596,90.0,250,-41,-49,-47
1597,90.0,250,-41,-51,-47
1598,90.0,250,-43,-51,-47
1599,90.0,250,-41,-49,-47
1600,90.0,0,-35,-51,-43
1601,90.0,0,-33,-51,-45
1602,90.0,0,-33,-53,-43
1603,90.0,0,-33,-51,-43
1604,90.0,0,-31,-53,-43
1605,90.0,0,-33,-51,-41
1606,90.0,0,-33,-51,-41
1607,90.0,0,-33,-51,-41
1608,90.0,0,-33,-51,-43
1609,90.0,0,-31,-51,-41
1610,90.0,0,-31,-51,-43
1611,90.0,0,-31,-51,-41
1612,90.0,0,-33,-51,-41
1613,90.0,0,-31,-53,-41
1614,90.0,0,-31,-53,-43
1615,90.0,0,-31,-53,-41
1616,90.0,0,-33,-53,-41
1617,90.0,0,-33,-53,-41
1618,90.0,0,-31,-51,-43
1619,90.0,0,-19,-51,-43
1620,90.0,0,-31,-49,-43
1621,90.0,0,-31,-53,-43
1622,90.0,0,-31,-53,-41
1623,90.0,0,-31,-53,-41
1624,90.0,0,-33,-51,-43
1625,90.0,0,-33,-51,-43
1626,90.0,0,-31,-51,-43
1627,90.0,0,-33,-51,-41
1628,90.0,0,-33,-51,-43
1629,90.0,0,-31,-53,-43
1630,90.0,0,-33,-51,-43
1631,90.0,0,-31,-51,-43
1632,90.0,0,-33,-51,-43
1633,90.0,0,-31,-53,-43
1634,90.0,0,-31,-51,-43
1635,90.0,0,-33,-51,-43
1636,90.0,0,-31,-51,-45
1637,90.0,0,-33,-51,-43
1638,90.0,0,-31,-51,-43
1639,90.0,0,-31,-51,-43
1640,90.0,0,-33,-53,-43
1641,90.0,0,-31,-51,-43
1642,90.0,0,-33,-53,-45
1643,90.0,0,-33,-53,-43
1644,90.0,0,-33,-53,-43
1645,90.0,0,-35,-53,-43
1646,90.0,0,-33,-49,-43
1647,90.0,0,-33,-53,-39
1648,90.0,0,-35,-55,-45
1649,90.0,0,-33,-53,-45
1650,90.0,0,-33,-53,-43
1651,90.0,0,-33,-53,-45
1652,90.0,0,-33,-53,-45
1653,90.0,0,-33,-51,-45
1654,90.0,0,-33,-53,-45
1655,90.0,0,-31,-53,-43
1656,90.0,0,-33,-53,-43
1657,90.0,0,-33,-55,-45
1658,90.0,0,-31,-53,-43
1659,90.0,0,-33,-55,-43
1660,90.0,0,-33,-55,-41
1661,90.0,0,-33,-53,-43
1662,90.0,0,-31,-53,-43
1663,90.0,0,-33,-53,-43
1664,90.0,0,-33,-51,-43
1665,90.0,0,-31,-53,-43
1666,90.0,0,-33,-51,-43
1667,90.0,0,-31,-51,-43
1668,90.0,0,-33,-51,-43
1669,90.0,0,-33,-53,-43
1670,90.0,0,-21,-39,-39
1671,90.0,0,-21,-51,-41
1672,90.0,0,-33,-53,-41
1673,90.0,0,-33,-53,-41
1674,90.0,0,-31,-51,-41
1675,90.0,0,-33,-51,-43
1676,90.0,0,-31,-53,-41
1677,90.0,0,-31,-55,-43
1678,90.0,0,-33,-53,-43
1679,90.0,0,-31,-51,-43
1680,90.0,0,-33,-53,-41
1681,90.0,0,-33,-53,-45
1682,90.0,0,-33,-53,-43
1683,90.0,0,-33,-53,-45
1684,90.0,0,-33,-51,-43
1685,90.0,0,-33,-51,-45
1686,90.0,0,-33,-51,-43
1687,90.0,0,-33,-53,-43
1688,90.0,0,-35,-51,-45
1689,90.0,0,-33,-53,-45
1690,90.0,0,-35,-53,-45
1691,90.0,0,-33,-53,-45
1692,90.0,0,-33,-51,-45
1693,90.0,0,-35,-51,-43
1694,90.0,0,-33,-51,-45
1695,90.0,0,-33,-55,-45
1696,90.0,0,-35,-53,-43
1697,90.0,0,-33,-53,-43
1698,90.0,0,-33,-55,-43
1699,90.0,0,-33,-55,-43
1700,316.6,625,-49,-41,-41
1701,316.6,625,-49,-41,-41
1702,316.6,625,-49,-37,-41
1703,316.6,625,-49,-39,-41
1704,316.6,625,-49,-39,-41
1705,316.6,625,-49,-41,-41
1706,316.6,625,-49,-41,-41
1707,316.6,625,-49,-39,-41
1708,316.6,625,-49,-39,-39
1709,316.6,625,-49,-41,-41
1710,316.6,625,-49,-41,-39
1711,316.6,625,-45,-31,-39
1712,316.6,625,-49,-43,-41
1713,316.6,625,-49,-41,-41
1714,316.6,625,-47,-41,-41
1715,316.6,625,-49,-41,-41
1716,316.6,625,-49,-43,-41
1717,316.6,625,-49,-43,-41
1718,316.6,625,-49,-41,-41
1719,316.6,625,-49,-41,-41
1720,316.6,625,-47,-43,-41
1721,316.6,625,-47,-41,-41
1722,316.6,625,-49,-43,-43
1723,316.6,625,-51,-41,-43
1724,316.6,625,-49,-41,-41
1725,316.6,625,-49,-41,-41
1726,316.6,625,-51,-41,-41
1727,316.6,625,-51,-39,-43
1728,316.6,625,-51,-41,-43
1729,316.6,625,-51,-41,-43
1730,316.6,625,-51,-39,-41
1731,316.6,625,-49,-41,-41
1732,316.6,625,-49,-41,-41
1733,316.6,625,-49,-39,-41
1734,316.6,625,-51,-41,-41
1735,316.6,625,-49,-41,-41
1736,316.6,625,-49,-39,-43
1737,316.6,625,-51,-39,-45
1738,316.6,625,-51,-41,-43
1739,316.6,625,-53,-41,-45
1740,316.6,625,-51,-41,-43
1741,316.6,625,-51,-31,-37
1742,316.6,625,-51,-41,-43
1743,316.6,625,-51,-41,-43
1744,316.6,625,-49,-41,-41
1745,316.6,625,-51,-41,-41
1746,316.6,625,-43,-33,-37
1747,316.6,625,-49,-41,-39
1748,316.6,625,-49,-41,-43
1749,316.6,625,-49,-41,-41
1750,316.6,625,-47,-41,-41
1751,316.6,625,-49,-39,-41
1752,316.6,625,-49,-41,-41
1753,316.6,625,-51,-39,-41
1754,316.6,625,-51,-41,-41
1755,316.6,625,-51,-41,-41
1756,316.6,625,-51,-41,-41
1757,316.6,625,-49,-41,-41
1758,316.6,625,-49,-41,-41
1759,316.6,625,-49,-41,-41
1760,316.6,625,-49,-41,-43
1761,316.6,625,-51,-41,-41
1762,316.6,625,-51,-41,-41
1763,316.6,625,-49,-41,-41
1764,316.6,625,-51,-41,-41
1765,316.6,625,-51,-41,-41
1766,316.6,625,-51,-43,-41
1767,316.6,625,-47,-41,-41
1768,316.6,625,-49,-41,-41
1769,316.6,625,-51,-41,-43
1770,316.6,625,-49,-41,-41
1771,316.6,625,-49,-41,-41
1772,316.6,625,-49,-41,-41
1773,316.6,625,-47,-41,-41
1774,316.6,625,-49,-39,-41
1775,316.6,625,-49,-41,-41
1776,316.6,625,-49,-41,-41
1777,316.6,625,-49,-41,-41
1778,316.6,625,-49,-41,-41
1779,316.6,625,-47,-41,-41
1780,316.6,625,-47,-39,-41
1781,316.6,625,-47,-39,-41
1782,316.6,625,-49,-39,-43
1783,316.6,625,-47,-39,-41
1784,316.6,625,-49,-39,-41
1785,316.6,625,-47,-41,-41
1786,316.6,625,-49,-41,-41
1787,316.6,625,-47,-41,-41
1788,316.6,625,-47,-39,-41
1789,316.6,625,-47,-41,-41
1790,316.6,625,-47,-41,-41
1791,316.6,625,-51,-41,-41
1792,316.6,625,-51,-41,-43
1793,316.6,625,-47,-41,-39
1794,316.6,625,-43,-33,-41
1795,316.6,625,-51,-39,-41
1796,316.6,625,-49,-41,-41
1797,316.6,625,-49,-41,-41
1798,316.6,625,-49,-41,-41
1799,316.6,625,-49,-41,-41
1800,90.0,375,-47,-43,-47
1801,90.0,375,-41,-39,-45
1802,90.0,375,-41,-43,-45
1803,90.0,375,-45,-45,-49
1804,90.0,375,-45,-43,-49
1805,90.0,375,-45,-45,-51
1806,90.0,375,-47,-45,-51
1807,90.0,375,-47,-45,-51
1808,90.0,375,-45,-45,-49
1809,90.0,375,-45,-45,-49
1810,90.0,375,-47,-45,-49
1811,90.0,375,-47,-47,-49
1812,90.0,375,-47,-49,-49
1813,90.0,375,-47,-47,-49
1814,90.0,375,-47,-49,-51
1815,90.0,375,-45,-47,-49
1816,90.0,375,-47,-47,-47
1817,90.0,375,-47,-45,-49
1818,90.0,375,-47,-47,-49
1819,90.0,375,-47,-39,-45
1820,90.0,375,-49,-45,-51
1821,90.0,375,-47,-45,-49
1822,90.0,375,-47,-47,-49
1823,90.0,375,-47,-47,-53
1824,90.0,375,-47,-47,-49
1825,90.0,375,-47,-45,-49
1826,90.0,375,-47,-47,-49
1827,90.0,375,-47,-45,-49
1828,90.0,375,-47,-47,-47
1829,90.0,375,-47,-47,-47
1830,90.0,375,-47,-45,-49
1831,90.0,375,-47,-47,-49
1832,90.0,375,-49,-47,-49
1833,90.0,375,-41,-39,-41
1834,90.0,375,-49,-45,-47
1835,90.0,375,-49,-47,-47
1836,90.0,375,-41,-39,-41
1837,90.0,375,-43,-47,-43
1838,90.0,375,-49,-47,-49
1839,90.0,375,-47,-45,-49
1840,90.0,375,-47,-47,-45
1841,90.0,375,-47,-45,-51
1842,90.0,375,-47,-47,-49
1843,90.0,375,-47,-47,-49
1844,90.0,375,-47,-45,-49
1845,90.0,375,-47,-45,-49
1846,90.0,375,-47,-47,-49
1847,90.0,375,-47,-47,-49
1848,90.0,375,-47,-47,-49
1849,90.0,375,-47,-45,-49
1850,90.0,375,-49,-45,-49
1851,90.0,375,-47,-45,-49
1852,90.0,375,-47,-47,-49
1853,90.0,375,-47,-47,-49
1854,90.0,375,-47,-47,-49
1855,90.0,375,-47,-49,-49
1856,90.0,375,-45,-47,-47
1857,90.0,375,-47,-45,-49
1858,90.0,375,-47,-45,-49
1859,90.0,375,-47,-47,-49
1860,90.0,375,-47,-47,-49
1861,90.0,375,-47,-49,-49
1862,90.0,375,-45,-47,-51
1863,90.0,375,-47,-47,-51
1864,90.0,375,-49,-49,-49
1865,90.0,375,-47,-47,-51
1866,90.0,375,-47,-47,-49
1867,90.0,375,-47,-47,-49
1868,90.0,375,-47,-47,-49
1869,90.0,375,-47,-49,-49
1870,90.0,375,-47,-47,-51
1871,90.0,375,-47,-47,-49
1872,90.0,375,-45,-47,-49
1873,90.0,375,-45,-47,-49
1874,90.0,375,-47,-49,-49
1875,90.0,375,-45,-47,-49
1876,90.0,375,-47,-47,-49
1877,90.0,375,-47,-47,-51
1878,90.0,375,-45,-47,-47
1879,90.0,375,-43,-47,-49
1880,90.0,375,-45,-47,-49
1881,90.0,375,-49,-47,-49
1882,90.0,375,-47,-49,-49
1883,90.0,375,-47,-49,-49
1884,90.0,375,-47,-47,-51
1885,90.0,375,-47,-47,-51
1886,90.0,375,-47,-47,-51
1887,90.0,375,-47,-47,-51
1888,90.0,375,-47,-47,-49
1889,90.0,375,-47,-47,-49
1890,90.0,375,-45,-47,-49
1891,90.0,375,-47,-47,-51
1892,90.0,375,-47,-47,-49
1893,90.0,375,-47,-49,-53
1894,90.0,375,-47,-47,-51
1895,90.0,375,-47,-47,-51
1896,90.0,375,-45,-47,-51
1897,90.0,375,-47,-41,-49
1898,90.0,375,-47,-47,-49
1899,90.0,375,-47,-49,-51
1900,200.5,731,-45,-43,-37
1901,200.5,731,-41,-47,-35
1902,200.5,731,-41,-45,-35
1903,200.5,731,-45,-43,-35
1904,200.5,731,-41,-45,-35
1905,200.5,731,-39,-45,-35
1906,200.5,731,-41,-41,-33
1907,200.5,731,-41,-45,-33
1908,200.5,731,-43,-45,-33
1909,200.5,731,-41,-45,-31
1910,200.5,731,-41,-43,-31
1911,200.5,731,-43,-41,-31
1912,200.5,731,-41,-43,-31
1913,200.5,731,-41,-45,-33
1914,200.5,731,-41,-41,-33
1915,200.5,731,-41,-41,-33
1916,200.5,731,-41,-43,-33
1917,200.5,731,-41,-43,-33
1918,200.5,731,-41,-43,-31
1919,200.5,731,-41,-43,-33
1920,200.5,731,-41,-43,-33
1921,200.5,731,-41,-43,-33
1922,200.5,731,-41,-45,-31
1923,200.5,731,-41,-45,-33
1924,200.5,731,-43,-47,-35
1925,200.5,731,-43,-43,-35
1926,200.5,731,-43,-47,-35
1927,200.5,731,-43,-45,-33
1928,200.5,731,-43,-47,-35
1929,200.5,731,-43,-45,-35
1930,200.5,731,-43,-43,-35
1931,200.5,731,-45,-45,-33
1932,200.5,731,-43,-45,-35
1933,200.5,731,-43,-43,-33
1934,200.5,731,-43,-45,-35
1935,200.5,731,-43,-45,-35
1936,200.5,731,-45,-45,-33
1937,200.5,731,-43,-47,-33
1938,200.5,731,-43,-45,-35
1939,200.5,731,-43,-37,-35
1940,200.5,731,-45,-43,-31
1941,200.5,731,-43,-45,-33
1942,200.5,731,-43,-43,-33
1943,200.5,731,-45,-45,-35
1944,200.5,731,-45,-45,-35
1945,200.5,731,-43,-45,-37
1946,200.5,731,-45,-43,-35
1947,200.5,731,-45,-37,-33
1948,200.5,731,-47,-45,-31
1949,200.5,731,-41,-45,-35
1950,200.5,731,-43,-45,-35
1951,200.5,731,-43,-45,-35
1952,200.5,731,-45,-35,-35
1953,200.5,731,-45,-47,-31
1954,200.5,731,-43,-47,-37
1955,200.5,731,-43,-47,-35
1956,200.5,731,-43,-47,-35
1957,200.5,731,-43,-49,-35
1958,200.5,731,-43,-45,-35
1959,200.5,731,-43,-47,-35
1960,200.5,731,-43,-45,-37
1961,200.5,731,-43,-47,-35
1962,200.5,731,-43,-45,-35
1963,200.5,731,-43,-47,-35
1964,200.5,731,-43,-45,-35
1965,200.5,731,-43,-45,-37
1966,200.5,731,-43,-45,-35
1967,200.5,731,-45,-45,-35
1968,200.5,731,-47,-45,-35
1969,200.5,731,-45,-43,-35
1970,200.5,731,-43,-47,-35
1971,200.5,731,-45,-45,-35
1972,200.5,731,-45,-45,-35
1973,200.5,731,-45,-35,-35
1974,200.5,731,-45,-45,-31
1975,200.5,731,-45,-49,-35
1976,200.5,731,-43,-35,-35
1977,200.5,731,-47,-47,-31
1978,200.5,731,-45,-45,-35
1979,200.5,731,-45,-45,-37
1980,200.5,731,-45,-45,-35
1981,200.5,731,-43,-37,-35
1982,200.5,731,-45,-35,-31
1983,200.5,731,-43,-45,-37
1984,200.5,731,-43,-37,-37
1985,200.5,731,-47,-45,-33
1986,200.5,731,-43,-45,-35
1987,200.5,731,-43,-45,-37
1988,200.5,731,-45,-47,-35
1989,200.5,731,-45,-47,-37
1990,200.5,731,-45,-47,-35
1991,200.5,731,-45,-45,-35
1992,200.5,731,-45,-49,-35
1993,200.5,731,-45,-49,-37
1994,200.5,731,-45,-49,-37
1995,200.5,731,-45,-47,-35
1996,200.5,731,-45,-47,-35
1997,200.5,731,-45,-45,-37
1998,200.5,731,-45,-45,-37
1999,200.5,731,-45,-47,-37
2000,200.5,500,-49,-41,-45
2001,200.5,500,-47,-39,-47
2002,200.5,500,-49,-39,-45
2003,200.5,500,-47,-41,-47
2004,200.5,500,-49,-41,-45
2005,200.5,500,-49,-41,-45
2006,200.5,500,-49,-41,-47
2007,200.5,500,-49,-39,-45
2008,200.5,500,-49,-39,-45
2009,200.5,500,-49,-39,-43
2010,200.5,500,-49,-41,-45
2011,200.5,500,-49,-41,-43
2012,200.5,500,-49,-41,-45
2013,200.5,500,-51,-41,-43
2014,200.5,500,-51,-41,-45
2015,200.5,500,-51,-39,-43
2016,200.5,500,-49,-41,-45
2017,200.5,500,-49,-41,-45
2018,200.5,500,-49,-41,-45
2019,200.5,500,-49,-41,-45
2020,200.5,500,-49,-41,-45
2021,200.5,500,-51,-41,-43
2022,200.5,500,-49,-39,-45
2023,200.5,500,-49,-39,-45
2024,200.5,500,-49,-41,-45
2025,200.5,500,-49,-41,-43
2026,200.5,500,-47,-41,-45
2027,200.5,500,-47,-41,-47
2028,200.5,500,-45,-41,-45
2029,200.5,500,-49,-39,-45
2030,200.5,500,-51,-41,-45
2031,200.5,500,-51,-39,-45
2032,200.5,500,-47,-41,-45
2033,200.5,500,-47,-41,-47
2034,200.5,500,-49,-41,-47
2035,200.5,500,-49,-39,-45
2036,200.5,500,-49,-39,-45
2037,200.5,500,-49,-39,-47
2038,200.5,500,-49,-39,-47
2039,200.5,500,-47,-39,-47
2040,200.5,500,-51,-41,-45
2041,200.5,500,-49,-41,-45
2042,200.5,500,-49,-39,-45
2043,200.5,500,-49,-41,-45
2044,200.5,500,-47,-39,-45
2045,200.5,500,-49,-39,-45
2046,200.5,500,-49,-41,-45
2047,200.5,500,-49,-41,-47
2048,200.5,500,-49,-41,-47
2049,200.5,500,-47,-39,-47
2050,200.5,500,-49,-39,-45
2051,200.5,500,-49,-39,-43
2052,200.5,500,-49,-39,-43
2053,200.5,500,-49,-41,-47
2054,200.5,500,-49,-41,-45
2055,200.5,500,-49,-39,-45
2056,200.5,500,-47,-41,-45
2057,200.5,500,-39,-43,-39
2058,200.5,500,-41,-45,-41
2059,200.5,500,-49,-41,-43
2060,200.5,500,-49,-41,-43
2061,200.5,500,-47,-41,-45
2062,200.5,500,-49,-39,-45
2063,200.5,500,-49,-39,-47
2064,200.5,500,-51,-41,-45
2065,200.5,500,-51,-41,-45
2066,200.5,500,-49,-43,-45
2067,200.5,500,-49,-39,-45
2068,200.5,500,-49,-39,-47
2069,200.5,500,-49,-41,-43
2070,200.5,500,-51,-41,-47
2071,200.5,500,-51,-41,-47
2072,200.5,500,-49,-41,-45
2073,200.5,500,-51,-41,-45
2074,200.5,500,-49,-41,-47
2075,200.5,500,-49,-41,-47
2076,200.5,500,-49,-41,-45
2077,200.5,500,-49,-41,-45
2078,200.5,500,-49,-41,-47
2079,200.5,500,-39,-45,-41
2080,200.5,500,-49,-41,-45
2081,200.5,500,-49,-41,-45
2082,200.5,500,-49,-41,-45
2083,200.5,500,-47,-41,-47
2084,200.5,500,-49,-41,-43
2085,200.5,500,-47,-41,-45
2086,200.5,500,-49,-39,-45
2087,200.5,500,-41,-43,-43
2088,200.5,500,-49,-39,-45
2089,200.5,500,-49,-39,-45
2090,200.5,500,-49,-41,-47
2091,200.5,500,-47,-41,-45
2092,200.5,500,-49,-41,-45
2093,200.5,500,-49,-39,-43
2094,200.5,500,-49,-39,-45
2095,200.5,500,-49,-41,-45
2096,200.5,500,-47,-41,-47
2097,200.5,500,-47,-41,-45
2098,200.5,500,-47,-41,-45
2099,200.5,500,-49,-39,-47
2100,0.0,0,-37,-43,-49
2101,0.0,0,-39,-45,-49
2102,0.0,0,-39,-43,-49
2103,0.0,0,-39,-43,-49
2104,0.0,0,-39,-45,-49
2105,0.0,0,-39,-43,-49
2106,0.0,0,-39,-45,-49
2107,0.0,0,-39,-45,-49
2108,0.0,0,-39,-45,-49
2109,0.0,0,-39,-45,-49
2110,0.0,0,-39,-45,-49
2111,0.0,0,-39,-45,-47
2112,0.0,0,-39,-45,-49
2113,0.0,0,-39,-45,-49
2114,0.0,0,-39,-45,-49
2115,0.0,0,-35,-43,-41
2116,0.0,0,-33,-43,-41
2117,0.0,0,-39,-45,-49
2118,0.0,0,-39,-45,-47
2119,0.0,0,-39,-45,-49
2120,0.0,0,-39,-45,-49
2121,0.0,0,-39,-45,-49
2122,0.0,0,-39,-45,-49
2123,0.0,0,-39,-45,-49
2124,0.0,0,-39,-45,-49
2125,0.0,0,-39,-43,-49
2126,0.0,0,-39,-43,-49
2127,0.0,0,-39,-45,-47
2128,0.0,0,-39,-43,-49
2129,0.0,0,-39,-45,-49
2130,0.0,0,-39,-45,-49
2131,0.0,0,-39,-45,-49
2132,0.0,0,-39,-45,-49
2133,0.0,0,-39,-45,-47
2134,0.0,0,-39,-45,-49
2135,0.0,0,-39,-45,-49
2136,0.0,0,-39,-43,-49
2137,0.0,0,-39,-45,-49
2138,0.0,0,-39,-45,-49
2139,0.0,0,-39,-45,-49
2140,0.0,0,-37,-45,-49
2141,0.0,0,-37,-45,-47
2142,0.0,0,-39,-45,-47
2143,0.0,0,-39,-45,-47
2144,0.0,0,-39,-45,-47
2145,0.0,0,-39,-43,-47
2146,0.0,0,-39,-45,-47
2147,0.0,0,-39,-43,-47
2148,0.0,0,-39,-45,-49
2149,0.0,0,-39,-45,-47
2150,0.0,0,-39,-45,-47
2151,0.0,0,-39,-45,-49
2152,0.0,0,-39,-45,-49
2153,0.0,0,-39,-45,-47
2154,0.0,0,-39,-45,-47
2155,0.0,0,-39,-45,-47
2156,0.0,0,-39,-45,-49
2157,0.0,0,-39,-45,-49
2158,0.0,0,-39,-45,-47
2159,0.0,0,-37,-45,-49
2160,0.0,0,-39,-45,-47
2161,0.0,0,-39,-45,-49
2162,0.0,0,-39,-45,-49
2163,0.0,0,-39,-45,-49
2164,0.0,0,-39,-45,-49
2165,0.0,0,-39,-45,-49
2166,0.0,0,-39,-45,-49
2167,0.0,0,-39,-45,-41
2168,0.0,0,-39,-45,-49
2169,0.0,0,-39,-45,-49
2170,0.0,0,-39,-43,-47
2171,0.0,0,-37,-45,-49
2172,0.0,0,-37,-45,-49
2173,0.0,0,-39,-45,-49
2174,0.0,0,-39,-45,-47
2175,0.0,0,-37,-43,-49
2176,0.0,0,-39,-45,-49
2177,0.0,0,-39,-45,-49
2178,0.0,0,-39,-45,-47
2179,0.0,0,-39,-45,-47
2180,0.0,0,-39,-45,-49
2181,0.0,0,-39,-45,-49
2182,0.0,0,-39,-45,-49
2183,0.0,0,-39,-45,-49
2184,0.0,0,-37,-45,-47
2185,0.0,0,-39,-45,-49
2186,0.0,0,-39,-45,-49
2187,0.0,0,-39,-45,-49
2188,0.0,0,-39,-45,-47
2189,0.0,0,-39,-45,-49
2190,0.0,0,-39,-43,-49
2191,0.0,0,-39,-43,-47
2192,0.0,0,-39,-43,-47
2193,0.0,0,-39,-43,-47
2194,0.0,0,-39,-43,-47
2195,0.0,0,-39,-43,-47
2196,0.0,0,-35,-43,-41
2197,0.0,0,-39,-45,-41
2198,0.0,0,-37,-45,-47
2199,0.0,0,-33,-45,-41
2200,327.0,731,-47,-41,-33
2201,327.0,731,-47,-45,-41
2202,327.0,731,-47,-47,-41
2203,327.0,731,-47,-45,-41
2204,327.0,731,-47,-47,-41
2205,327.0,731,-47,-39,-41
2206,327.0,731,-45,-47,-43
2207,327.0,731,-47,-45,-41
2208,327.0,731,-45,-45,-43
2209,327.0,731,-45,-45,-41
2210,327.0,731,-45,-47,-43
2211,327.0,731,-45,-47,-41
2212,327.0,731,-47,-49,-41
2213,327.0,731,-47,-49,-41
2214,327.0,731,-45,-47,-41
2215,327.0,731,-47,-47,-41
2216,327.0,731,-47,-49,-41
2217,327.0,731,-45,-47,-41
2218,327.0,731,-45,-47,-41
2219,327.0,731,-45,-49,-41
2220,327.0,731,-47,-49,-41
2221,327.0,731,-45,-47,-41
2222,327.0,731,-47,-45,-41
2223,327.0,731,-47,-45,-41
2224,327.0,731,-47,-45,-41
2225,327.0,731,-47,-45,-41
2226,327.0,731,-47,-45,-41
2227,327.0,731,-47,-45,-41
2228,327.0,731,-47,-45,-41
2229,327.0,731,-45,-47,-41
2230,327.0,731,-47,-45,-41
2231,327.0,731,-45,-45,-41
2232,327.0,731,-45,-47,-41
2233,327.0,731,-45,-45,-41
2234,327.0,731,-47,-45,-41
2235,327.0,731,-47,-45,-41
2236,327.0,731,-45,-45,-43
2237,327.0,731,-47,-47,-41
2238,327.0,731,-43,-45,-39
2239,327.0,731,-45,-45,-39
2240,327.0,731,-45,-45,-41
2241,327.0,731,-43,-45,-39
2242,327.0,731,-43,-45,-39
2243,327.0,731,-43,-45,-39
2244,327.0,731,-45,-45,-39
2245,327.0,731,-43,-45,-39
2246,327.0,731,-45,-45,-39
2247,327.0,731,-45,-45,-39
2248,327.0,731,-43,-45,-39
2249,327.0,731,-45,-45,-39
2250,327.0,731,-45,-45,-39
2251,327.0,731,-43,-45,-39
2252,327.0,731,-45,-45,-39
2253,327.0,731,-47,-45,-41
2254,327.0,731,-47,-45,-41
2255,327.0,731,-47,-45,-41
2256,327.0,731,-47,-45,-41
2257,327.0,731,-45,-45,-41
2258,327.0,731,-45,-45,-41
2259,327.0,731,-45,-45,-41
2260,327.0,731,-45,-45,-41
2261,327.0,731,-47,-45,-41
2262,327.0,731,-45,-45,-41
2263,327.0,731,-47,-45,-41
2264,327.0,731,-47,-45,-41
2265,327.0,731,-47,-45,-41
2266,327.0,731,-47,-45,-41
2267,327.0,731,-45,-45,-41
2268,327.0,731,-45,-45,-41
2269,327.0,731,-45,-45,-41
2270,327.0,731,-45,-45,-41
2271,327.0,731,-45,-45,-41
2272,327.0,731,-47,-45,-41
2273,327.0,731,-47,-47,-41
2274,327.0,731,-47,-45,-41
2275,327.0,731,-45,-45,-41
2276,327.0,731,-47,-47,-41
2277,327.0,731,-45,-45,-41
2278,327.0,731,-45,-45,-41
2279,327.0,731,-47,-43,-41
2280,327.0,731,-45,-45,-43
2281,327.0,731,-45,-43,-41
2282,327.0,731,-47,-47,-41
2283,327.0,731,-45,-47,-41
2284,327.0,731,-47,-45,-41
2285,327.0,731,-45,-45,-41
2286,327.0,731,-45,-45,-41
2287,327.0,731,-45,-45,-41
2288,327.0,731,-45,-45,-41
2289,327.0,731,-45,-47,-41
2290,327.0,731,-45,-47,-43
2291,327.0,731,-45,-47,-43
2292,327.0,731,-47,-47,-41
2293,327.0,731,-45,-47,-43
2294,327.0,731,-45,-45,-41
2295,327.0,731,-47,-47,-43
2296,327.0,731,-45,-45,-41
2297,327.0,731,-47,-49,-41
2298,327.0,731,-47,-47,-43
2299,327.0,731,-47,-45,-41
